subregion	blog	url
EastAfrica	coffee_origin_culture	https://absoluteethiopia.com/ethiopian-coffee-culture-places-to-see-in-the-birthplace-of-coffee/
EastAfrica	highland_trekking	https://www.lonelyplanet.com/articles/trekking-ethiopias-simien-mountains
EastAfrica	walking_safari	https://kicheche.com/bush-walks/
EastAfrica	white_water_rafting_nile	https://wildjungletrails.com/white-water-rafting-jinja-uganda/
NorthAfrica	coastal_towns	https://www.aol.com/articles/11-african-cities-stunning-waterfronts-162557883.html
NorthAfrica	islamic_architecture	https://moroccan-odyssey.com/koutoubia-mosque-history-architecture/
EastAsia	imperial_palaces	https://english.visitseoul.net/attractions/Gyeongbokgung/ENP000072
EastAsia	nightlife_entertainment	https://www.morningstar.com/news/pr-newswire/20260221ny92865/ttw-announces-top-50-nightlife-travel-destinations-in-the-world-for-2026
EastAsia	street_food_night_markets	https://www.idyllicpursuit.com/15-food-cities-in-asia-where-street-markets-steal-the-show/
MiddleEast	arabian_cuisine_food	https://www.emirates.com/english/experience/dining/emirates-recipes/arabic-mezze/
SouthAsia	himalayan_trekking	https://followalice.com/adventure-trips/everest-base-camp/posts/nepal-trekking-permits-and-fees
SoutheastAsia	elephant_sanctuaries	https://www.legendtravelgroup.com/a/exploring-ethical-elephant-sanctuaries-in-vietnam-cambodia-laos-and-thailand-a-comprehensive-guide-for-international-travelers
SoutheastAsia	jungle_wildlife	https://castawaychris.com/sundaland/
SoutheastAsia	nightlife_parties	https://www.legendtravelgroup.com/a/exploring-southeast-asia-nightlife-a-vibrant-travel-guide-for-all-travelers
SoutheastAsia	scuba_diving	https://guidetothephilippines.ph/articles/islands-and-beaches/best-dive-spots-philippines
SoutheastAsia	street_food_markets	https://seasia.co/2025/09/20/penang-on-the-top-list-here-are-the-best-street-food-cities-in-southeast-asia
AtlanticIslands	cape_verde_beaches	https://www.islaguru.com/islands/cabo-verde
AtlanticIslands	island_carnival_festivals	https://www.islaguru.com/articles/tenerife-carnival-guide
AtlanticIslands	island_carnival_festivals	https://www.islaguru.com/islands/cabo-verde
AtlanticIslands	island_cuisine_seafood	https://www.islaguru.com/islands/cabo-verde
AtlanticIslands	mindelo_morna_music	https://www.islaguru.com/islands/cabo-verde
AtlanticIslands	santo_antao_hiking	https://www.islaguru.com/islands/cabo-verde
AtlanticIslands	surf_windsurf_kite	https://www.islaguru.com/islands/cabo-verde
CentralEurope	food_markets_cuisine	https://avocadu.com/market-halls-in-europe-where-winter-foods-take-center-stage/
CentralEurope	scenic_drives_passes	https://lazytrips.com/blog/the-10-best-driving-roads-in-the-alps
CentralEurope	world_class_museums	https://mnk.pl/en/exhibitions/175
EasternEurope	balkan_war_history	https://www.dark-tourism.com/index.php/croatia/15-countries/individual-chapters/91-mostar
EasternEurope	festivals_events	https://aroundtheatlas.eu/2025/05/24/6-balkan-festivals-you-cant-miss-throughout-the-year/
EasternEurope	ottoman_heritage	https://www.dark-tourism.com/index.php/croatia/15-countries/individual-chapters/91-mostar
EasternEurope	wildlife_watching	https://www.naturalistjourneys.com/tours/2025/09/20/romania-bulgaria-fall-migration-on-the-danube-delta
Mediterranean	ancient_ruins	https://www.italygonia.com/2025/10/21/the-valley-of-the-temples-in-agrigento/
Mediterranean	volcano_hiking	https://www.utracks.com/Italy/Guided-Walking/Southern-Italy-Volcano-Route-Guided-Walk
Mediterranean	whale_dolphin_watching	https://travelscience.org/dolphin-watching-in-the-mediterranean/
Mediterranean	windsurf_kitesurf	https://bstoked.net/locations/greece/
NordicBaltic	archipelago_islands	https://holipay.io/en/blog/stockholm-archipelago-2025-island-hopping-guide
NordicBaltic	iconic_nordic_stays	https://en.wikipedia.org/wiki/Icehotel_(Jukkasj%C3%A4rvi
WesternEurope	royal_palaces_chateaux	https://www.charmainewanders.com/post/royal-palace-madrid-guide
Caribbean	island_cuisine	https://adept.travel/blogs/top-5-caribbean-islands-for-foodies-culinary-hotspots
Caribbean	luxury_romance	https://www.aol.com/articles/safest-caribbean-islands-2026-honeymooners-130500535.html
CentralAmerica	all_inclusive_resorts	https://www.riu.com/en/country/costa-rica
CentralAmerica	all_inclusive_resorts	https://www.twoweeksincostarica.com/all-inclusive-resorts-costa-rica/
CentralAmerica	all_inclusive_resorts	https://www.decameron.com/en/hotels-panama
CentralAmerica	birding	https://costaricaexperts.com/things-to-do/
CentralAmerica	coffee_highlands	https://www.boqueteoutdooradventures.com/coffee.html
CentralAmerica	maya_ruins	https://approachguides.com/ebook-previews/Preview-ApproachGuides-Maya-Tikal-Copan.pdf
CentralAmerica	white_water_rafting	https://www.twoweeksincostarica.com/white-water-rafting-pacuare-river-costa-rica/
EasternCanada	golf_links_resorts	https://cabotcapebreton.com/golf-accolades
EasternCanada	grand_railway_hotels	https://www.historichotels.org/hotels-resorts/fairmont-chateau-laurier/history.php
Mexico	monarch_butterflies	https://journeynorth.org/monarchs/news/spring-2025/030525-eastern-monarch-population-count-announced
Mexico	world_class_museums	https://en.wikipedia.org/wiki/National_Museum_of_Anthropology_(Mexico
USMidwest	badlands_black_hills	https://www.roadscholar.org/find-an-adventure/13160/The-Best-of-Mount-Rushmore-the-Black-Hills-and-Badlands/itinerary/
USMidwest	world_class_museums	https://www.wonderfulmuseums.com/museum/best-museums-in-the-midwest/
USMountainWest	fall_aspen_foliage	https://thatcoloradocouple.com/when-where-peak-colorado-fall-colors/
USMountainWest	heritage_railways	https://www.roadscholar.org/find-an-adventure/4345/the-best-of-colorado-s-historic-railroads
USMountainWest	winter_beyond_the_slopes	https://www.roadscholar.org/find-an-adventure/18292/Winter-Adventures-in-Jackson-Hole-Dog-Sleds-Snowshoes-and-Sleighs
USMountainWest	winter_beyond_the_slopes	https://gazette.com/life/outdoors/ouray-ice-park-opens-for-season-on-heels-of-game-changer-agreement/article_bcd49b60-a68b-11ee-9db0-e34918dc5d19.html
USNortheast	broadway_theater	https://www.roadscholar.org/find-an-adventure/14963/The-Berkshires-Tanglewood-Jacob-s-Pillow-Dance-Festival
USNortheast	farm_to_table	https://sullivancatskills.com/catskill-icious/savor-the-flavors-of-the-sullivan-catskills-during-hudson-valley-restaurant-week/
USNortheast	nightlife_rooftops	https://www.timeout.com/newyork/bars/rooftop-bars
USPacific	skiing_snowboarding	https://travellemming.com/california-ski-resorts/
USSouth	bayou_swamp_tours	https://www.nps.gov/jela/barataria-preserve.htm
USSouth	bayou_swamp_tours	https://www.louisiananorthshore.com/things-to-do/swamp-tours/
USSouth	bbq_culture	https://www.lockhart-tx.org/barbecue
USSouth	bbq_culture	https://texashighways.com/eat-drink/central-texas-barbecue-trail/
USSouth	bbq_culture	https://www.austintexas.org/things-to-do/food-and-drink/barbecue/
USSouth	bbq_culture	https://www.texasmonthly.com/bbq/goldees-barbecue-best-texas/
USSouth	civil_rights_history	https://www.nps.gov/emti/index.htm
USSouth	civil_rights_history	https://www.nps.gov/meev/index.htm
USSouth	creole_cajun_culture	https://www.lafayettetravel.com/things-to-do/music/
USSouth	festivals_carnival	https://www.neworleans.com/event/mardi-gras/
USSouth	fishing_gulf_coast	https://tpwd.texas.gov/fishboat/fish/recreational/lagunamadre.phtml
USSouth	gulf_coast_beaches	https://www.sopadre.com/things-to-do/beaches/
USSouth	gulf_coast_beaches	https://www.gulfcoast.org/things-to-do/beaches/
USSouth	hot_springs_wellness	https://www.nps.gov/hosp/planyourvisit/bathhouse-row.htm
USSouth	iconic_landmarks_cityscapes	https://www.visitsanantonio.com/things-to-do/attractions/
USSouth	iconic_landmarks_cityscapes	https://spacecenter.org/plan-your-visit/
USSouth	iconic_landmarks_cityscapes	https://www.visitokc.com/things-to-do/oklahoma-city-national-memorial/
USSouth	live_music_scene	https://www.austintexas.org/things-to-do/live-music/
USSouth	live_music_scene	https://www.fortworthstockyards.org/attraction/billy-bobs-texas/
USSouth	native_american_nations	https://www.travelok.com/native-america
USSouth	nightlife_entertainment	https://www.visithoustontexas.com/things-to-do/nightlife/
USSouth	nightlife_entertainment	https://www.visitokc.com/things-to-do/bricktown/
USSouth	river_water_sports	https://www.playinnewbraunfels.com/river-fun/
USSouth	river_water_sports	https://www.nps.gov/buff/planyourvisit/canoeing-kayaking-and-rafting.htm
USSouth	river_water_sports	https://www.toursanmarcos.com/things-to-do/river/
USSouth	road_trips_scenic_drives	https://www.travelok.com/article_page/talimena-national-scenic-byway
USSouth	texas_hill_country	https://texashighways.com/travel-news/wildflower-watch/
USSouth	texas_ranch_stays	https://www.banderacowboycapital.com/dude-ranches/
USSouth	texas_ranch_stays	https://texashighways.com/travel/texas-dude-ranches-guide/
USSouth	tex_mex_cuisine	https://www.texasmonthly.com/food/the-history-of-tex-mex/
USSouth	tex_mex_cuisine	https://www.visitsanantonio.com/things-to-do/food-and-drink/
USSouth	tex_mex_cuisine	https://www.visithoustontexas.com/things-to-do/food-and-drink/
USSouth	whiskey_distillery_trail	https://balconesdistilling.com/visit/
USSouth	whiskey_distillery_trail	https://www.texasmonthly.com/food/texas-whiskey-guide/
USSouth	wildlife_birding	https://houstonaudubon.org/sanctuaries/high-island.html
USSouth	wildlife_birding	https://www.nps.gov/pais/learn/nature/hatchlingreleases.htm
USSouth	wildlife_birding	https://www.rgvbf.org/
USSoutheast	civil_rights_trail	https://www.roadscholar.org/find-an-adventure/22657/The-Civil-Rights-Movement-Atlanta-Montgomery-Selma-Birmingham
USSoutheast	live_music_scene	https://www.roadscholar.org/find-an-adventure/21979/Music-Cities-USA-Nashville-Memphis-New-Orleans
USSoutheast	live_music_scene	https://www.deep-south-usa.com/tennessee/memphis/beale-street
USSouthwest	ancestral_puebloan_ruins	https://indianpueblo.org/visit-the-pueblos/
USSouthwest	casinos_gaming	https://www.visitlasvegas.com/things-to-do/gaming/
USSouthwest	celebrity_chef_dining	https://www.santafe.org/visiting-santa-fe/restaurants/
USSouthwest	desert_canyon_hiking	https://www.nps.gov/brca/planyourvisit/hiking.htm
USSouthwest	desert_glamping	https://visitsedona.com/places-to-stay/
USSouthwest	desert_golf	https://www.visitlasvegas.com/things-to-do/golf/
USSouthwest	desert_golf	https://www.newmexico.org/things-to-do/golf/
USSouthwest	desert_hot_springs	https://sierracountynewmexico.info/things-to-do/hot-springs/
USSouthwest	desert_hot_springs	https://www.newmexico.org/things-to-do/outdoor-adventures/hot-springs/
USSouthwest	desert_hot_springs	https://www.nps.gov/lake/planyourvisit/arizona-hot-spring.htm
USSouthwest	historic_southwest_inns	https://www.flagstaffarizona.org/places-to-stay/
USSouthwest	hot_air_ballooning	https://www.visitalbuquerque.org/things-to-do/hot-air-ballooning/
USSouthwest	hot_air_ballooning	https://visitsedona.com/things-to-do/hot-air-balloon-rides/
USSouthwest	hot_air_ballooning	https://www.visitphoenix.com/things-to-do/outdoor-adventure/hot-air-balloon-rides/
USSouthwest	houseboating_lakes	https://www.golakehavasu.com/things-to-do/on-the-water/
USSouthwest	mother_road_americana	https://www.newmexico.org/things-to-do/scenic-byways/route-66/
USSouthwest	mountain_biking	https://www.discovermoab.com/biking/
USSouthwest	mountain_biking	https://visitsedona.com/things-to-do/mountain-biking/
USSouthwest	mountain_biking	https://www.visitphoenix.com/things-to-do/outdoor-adventure/biking/
USSouthwest	mountain_biking	https://www.visittucson.org/things-to-do/outdoor-recreation/mountain-biking/
USSouthwest	mountain_biking	https://www.mtbproject.com/directory/8005086/arizona
USSouthwest	nightlife_pool_clubs	https://www.visitlasvegas.com/nightlife/
USSouthwest	nightlife_pool_clubs	https://www.visitalbuquerque.org/things-to-do/nightlife/
USSouthwest	off_road_overland	https://www.discovermoab.com/four-wheel-drive/
USSouthwest	off_road_overland	https://visitsedona.com/things-to-do/jeep-tours/
USSouthwest	off_road_overland	https://navajonationparks.org/navajo-tribal-parks/monument-valley-navajo-tribal-park/
USSouthwest	off_road_overland	https://www.blm.gov/visit/vermilion-cliffs
USSouthwest	off_road_overland	https://travelnevada.com/things-to-do/off-roading/
USSouthwest	rock_climbing_canyoneering	https://www.discovermoab.com/climbing/
USSouthwest	rock_climbing_canyoneering	https://visitsedona.com/things-to-do/rock-climbing/
USSouthwest	rock_climbing_canyoneering	https://www.visittucson.org/things-to-do/outdoor-recreation/rock-climbing/
USSouthwest	scenic_red_rock_drives	https://navajonationparks.org/navajo-tribal-parks/monument-valley-navajo-tribal-park/
USSouthwest	scenic_red_rock_drives	https://visitsedona.com/things-to-do/scenic-drives/
USSouthwest	southwestern_arts_towns	https://www.santafe.org/things-to-do/art-and-culture/
USSouthwest	southwestern_arts_towns	https://www.experiencescottsdale.com/arts-culture/
USSouthwest	southwestern_arts_towns	https://visitsedona.com/things-to-do/arts-and-culture/
USSouthwest	southwestern_cuisine	https://www.santafe.org/things-to-do/food-and-wine/
USSouthwest	southwestern_cuisine	https://www.visittucson.org/restaurants/mexican-food/
USSouthwest	southwestern_cuisine	https://www.visitalbuquerque.org/restaurants/new-mexican-food/
USSouthwest	stargazing_dark_skies	https://www.nps.gov/brca/planyourvisit/astronomy.htm
USSouthwest	stargazing_dark_skies	https://www.nps.gov/grba/planyourvisit/astronomy.htm
USSouthwest	ufo_alien_lore	https://www.roswell-nm.gov/1110/UFO-Festival
USSouthwest	ufo_alien_lore	https://visitsedona.com/things-to-do/stargazing/
USSouthwest	whitewater_rafting	https://www.discovermoab.com/rafting/
USSouthwest	whitewater_rafting	https://taos.org/things-to-do/outdoor-adventures/rafting/
USSouthwest	whitewater_rafting	https://www.recreation.gov/permits/250438
USSouthwest	wild_west_ghost_towns	https://travelnevada.com/ghost-towns/
PacificIslands	overwater_bungalows	https://www.easyescapestravel.com/overwater-bungalow-escapes.html
BrazilSouthernCone	northeast_brazil_beaches	https://bahia.ws/en/category/northeast-brazil/
ChileBolivia	chiloe_island_churches	https://www.islaguru.com/islands/chiloe
ChileBolivia	lake_district	https://www.journeylatinamerica.com/destinations/chile/places-to-visit/chilean-lake-district-south/things-to-do/visit-osorno-volcano/
ChileBolivia	volcano_climbing	https://www.journeylatinamerica.com/destinations/chile/places-to-visit/chilean-lake-district-south/things-to-do/visit-osorno-volcano/
Colombia	colonial_towns	https://mustique.co/las-ciudades-coloniales-mas-bellas-de-colombia-una-ruta-cultural-inolvidable/
Colombia	kitesurfing	https://www.praiakite.com/kite-spots/cabo-de-la-vela/
Ecuador	quito_old_town	https://activities.marriott.com/south-america/ecuador/quito/activities/discover_all_quito_old_town_mitad_del_mundo_telef%C3%A9rico-X712LD
Ecuador	thermal_hot_springs	https://www.journeylatinamerica.com/destinations/ecuador/places-to-visit/andes-to-amazon/places-to-stay/termas-de-papallacta/
Peru	scenic_rail_journeys	https://www.perurail.com/trains/