subregion	blog	issue	code	url
EastAfrica	coffee_origin_culture	DEAD	404	https://absoluteethiopia.com/ethiopian-coffee-culture-places-to-see-in-the-birthplace-of-coffee/
EastAfrica	great_migration	DEAD	521	https://www.go2africa.com/african-travel-blog/how-the-wildebeest-migration-works
EastAfrica	highland_trekking	DEAD	404	https://www.lonelyplanet.com/articles/trekking-ethiopias-simien-mountains
EastAfrica	luxury_safari_camps	DEAD	521	https://www.go2africa.com/african-travel-blog/africas-top-tented-safari-camps
EastAfrica	walking_safari	DEAD	404	https://kicheche.com/bush-walks/
EastAfrica	white_water_rafting_nile	DEAD	404	https://wildjungletrails.com/white-water-rafting-jinja-uganda/
NorthAfrica	coastal_towns	DEAD	404	https://www.aol.com/articles/11-african-cities-stunning-waterfronts-162557883.html
NorthAfrica	imperial_medinas	DEAD	ERR:MaxRetryError	https://theculturetrip.com/africa/morocco/articles/an-essential-guide-to-marrakeshs-souks
NorthAfrica	islamic_architecture	DEAD	404	https://moroccan-odyssey.com/koutoubia-mosque-history-architecture/
NorthAfrica	north_african_cuisine	DEAD	ERR:MaxRetryError	https://www.originaltravel.co.uk/travel-blog/traditional-food-in-tunisia
NorthAfrica	pharaonic_temples	DEAD	406	https://www.cbsnews.com/news/egypt-ancient-avenue-sphinxes-luxor-karnak-ceremony-opet-parade-route/
NorthAfrica	pharaonic_temples	DEAD	ERR:MaxRetryError	https://sis.gov.eg/en/media-center/news/sun-aligns-on-face-of-king-ramses-ii-s-statue-at-abu-simbel-temple-for-22-mins/
NorthAfrica	pyramids_sphinx	DEAD	406	https://www.newsweek.com/pyramids-egypt-tourism-chaos-camels-costner-2058534
NorthAfrica	sahara_dunes	DEAD	ERR:MaxRetryError	https://lifedevil.com/camel-trekking-in-the-sahara-douz-to-ksar-ghilane-tunisia/
EastAsia	autumn_foliage	DEAD	ERR:MaxRetryError	https://english.visitkorea.or.kr/svc/contents/contentsView.do?vcontsId=231292
EastAsia	cherry_blossoms	DEAD	ERR:MaxRetryError	https://english.visitkorea.or.kr/svc/contents/contentsView.do?vcontsId=221451
EastAsia	futuristic_tech_districts	DEAD	ERR:MaxRetryError	https://www.kkday.com/en-au/destination/cn-huaqiangbei
EastAsia	iconic_cityscapes	DEAD	ERR:MaxRetryError	https://www.korea.net/NewsFocus/HonoraryReporters/view?articleId=156378
EastAsia	imperial_palaces	DEAD	404	https://english.visitseoul.net/attractions/Gyeongbokgung/ENP000072
EastAsia	island_beaches	DEAD	ERR:MaxRetryError	https://english.visitkorea.or.kr/svc/whereToGo/locIntrdn/rgnContentsView.do?vcontsId=110946
EastAsia	korean_bbq_table_dining	DEAD	ERR:MaxRetryError	https://www.korea.net/NewsFocus/Culture/view?articleId=187706
EastAsia	nightlife_entertainment	DEAD	404	https://www.morningstar.com/news/pr-newswire/20260221ny92865/ttw-announces-top-50-nightlife-travel-destinations-in-the-world-for-2026
EastAsia	onsen_hot_springs	DEAD	ERR:MaxRetryError	https://www.kkday.com/en/destination/tw-beitou
EastAsia	pop_culture_anime_kpop	DEAD	ERR:MaxRetryError	https://www.gotokyo.org/en/destinations/central-tokyo/akihabara/index.html
EastAsia	ryokan_traditional_stays	DEAD	ERR:MaxRetryError	https://travel.rakuten.com/contents/usa/en-us/guide/nishiyama-onsen-keiunkan/
EastAsia	ryokan_traditional_stays	DEAD	ERR:MaxRetryError	https://english.visitkorea.or.kr/svc/contents/contentsView.do?vcontsId=140678
EastAsia	street_food_night_markets	DEAD	404	https://www.idyllicpursuit.com/15-food-cities-in-asia-where-street-markets-steal-the-show/
MiddleEast	arabian_cuisine_food	DEAD	503	https://www.emirates.com/english/experience/dining/emirates-recipes/arabic-mezze/
MiddleEast	nightlife_beach_clubs	DEAD	ERR:MaxRetryError	https://www.smartraveller.gov.au/destinations/middle-east/united-arab-emirates
MiddleEast	petra_nabataean	DEAD	500	https://houseofsaud.com/travel/alula/
MiddleEast	theme_parks_family	DEAD	ERR:MaxRetryError	https://www.atlantis.com/dubai/atlantis-aquaventure
MiddleEast	wadi_rum_desertscapes	DEAD	500	https://houseofsaud.com/travel/alula/
SouthAsia	bazaars_handicrafts	DEAD	ERR:MaxRetryError	https://www.tourism.rajasthan.gov.in/jaipur.html
SouthAsia	himalayan_monasteries	DEAD	ERR:MaxRetryError	https://www.breathebhutan.com/attractions/paro-taktsang-monastery/
SouthAsia	himalayan_trekking	DEAD	404	https://followalice.com/adventure-trips/everest-base-camp/posts/nepal-trekking-permits-and-fees
SouthAsia	kathmandu_valley_heritage	DEAD	406	https://time.com/3922292/nepal-earthquake-unesco-tourism-instability-rehabilitation-rebuilding-durbar-square/
SouthAsia	palace_heritage_hotels	DEAD	ERR:MaxRetryError	https://www.tourism.rajasthan.gov.in/jaipur.html
SouthAsia	rajasthan_forts_palaces	DEAD	ERR:MaxRetryError	https://www.tourism.rajasthan.gov.in/amber-palace.html
SouthAsia	rajasthan_forts_palaces	DEAD	ERR:MaxRetryError	https://www.tourism.rajasthan.gov.in/jaipur.html
SoutheastAsia	elephant_sanctuaries	DEAD	404	https://www.legendtravelgroup.com/a/exploring-ethical-elephant-sanctuaries-in-vietnam-cambodia-laos-and-thailand-a-comprehensive-guide-for-international-travelers
SoutheastAsia	family_friendly	DEAD	ERR:MaxRetryError	https://theculturetrip.com/asia/articles/the-10-best-family-friendly-destinations-in-asia
SoutheastAsia	jungle_wildlife	DEAD	404	https://castawaychris.com/sundaland/
SoutheastAsia	nightlife_parties	DEAD	404	https://www.legendtravelgroup.com/a/exploring-southeast-asia-nightlife-a-vibrant-travel-guide-for-all-travelers
SoutheastAsia	scuba_diving	DEAD	404	https://guidetothephilippines.ph/articles/islands-and-beaches/best-dive-spots-philippines
SoutheastAsia	street_food_markets	DEAD	404	https://seasia.co/2025/09/20/penang-on-the-top-list-here-are-the-best-street-food-cities-in-southeast-asia
SoutheastAsia	volcano_hiking	DEAD	ERR:MaxRetryError	https://konektly.com/8-breathtaking-volcanoes-to-hike-in-the-philippines/
AtlanticIslands	atlantic_diving	DEAD	ERR:MaxRetryError	https://dive.visitazores.com/en/islands/santa-maria
AtlanticIslands	canary_beaches	DEAD	406	https://www.euronews.com/travel/2025/05/16/inequality-and-infinite-growth-canary-islands-anti-tourism-protests-reignite-amid-record-a
AtlanticIslands	canary_resort_sun	DEAD	406	https://www.euronews.com/travel/2025/05/16/inequality-and-infinite-growth-canary-islands-anti-tourism-protests-reignite-amid-record-a
AtlanticIslands	cape_verde_beaches	DEAD	404	https://www.islaguru.com/islands/cabo-verde
AtlanticIslands	island_carnival_festivals	DEAD	404	https://www.islaguru.com/articles/tenerife-carnival-guide
AtlanticIslands	island_carnival_festivals	DEAD	404	https://www.islaguru.com/islands/cabo-verde
AtlanticIslands	island_cuisine_seafood	DEAD	404	https://www.islaguru.com/islands/cabo-verde
AtlanticIslands	luxury_escapes	DEAD	ERR:MaxRetryError	https://www.bahia-duque.com/en/
AtlanticIslands	madeira_mountain_peaks	DEAD	406	https://www.euronews.com/travel/2026/04/12/back-on-track-madeiras-iconic-hiking-trail-to-reopen-after-two-year-closure
AtlanticIslands	mindelo_morna_music	DEAD	404	https://www.islaguru.com/islands/cabo-verde
AtlanticIslands	santo_antao_hiking	DEAD	404	https://www.islaguru.com/islands/cabo-verde
AtlanticIslands	surf_windsurf_kite	DEAD	404	https://www.islaguru.com/islands/cabo-verde
BritishIsles	castle_country_house_stays	DEAD	ERR:MaxRetryError	https://manorcastles.com/castle-hotels/category/castle-hotel-spa/united-kingdom/
BritishIsles	pub_trad_music	DEAD	ERR:MaxRetryError	https://theculturetrip.com/europe/united-kingdom/scotland/articles/the-10-best-places-to-listen-to-folk-music-in-edinburgh
BritishIsles	spa_wellness_retreats	DEAD	ERR:MaxRetryError	https://bahighlife.com/experiences/the-best-spa-retreats-in-the-uk-and-ireland
CentralEurope	alpine_grand_hotels	DEAD	525	https://thefivepost.com/5-expensive-and-exclusive-hotels-in-switzerland/amp/
CentralEurope	christmas_markets	DEAD	521	https://archaeology-travel.com/thematic-guides/christmas-markets-in-germany/
CentralEurope	food_markets_cuisine	DEAD	404	https://avocadu.com/market-halls-in-europe-where-winter-foods-take-center-stage/
CentralEurope	hiking_national_parks	DEAD	406	https://www.euronews.com/my-europe/2026/04/20/planning-a-hiking-trip-across-europe-these-are-the-most-unspoilt-national-parks
CentralEurope	nightlife_clubbing	DEAD	ERR:MaxRetryError	https://www.expats.cz/czech-news/article/prague-named-europe-s-best-party-destination-in-new-nightlife-index
CentralEurope	river_cruising	DEAD	500	https://www.vikingrivercruises.com/cruise-destinations/europe/waterways/danube/index.html
CentralEurope	scenic_drives_passes	DEAD	404	https://lazytrips.com/blog/the-10-best-driving-roads-in-the-alps
CentralEurope	skiing_winter_sports	DEAD	ERR:MaxRetryError	https://www.olympics.com/en/news/2025-fis-alpine-ski-world-championships-saalbach-all-results-medal-winners-full-list
CentralEurope	world_class_museums	DEAD	503	https://www.smb.museum/en/museums-institutions/pergamonmuseum/home/
CentralEurope	world_class_museums	DEAD	404	https://mnk.pl/en/exhibitions/175
CentralEurope	wwii_cold_war_history	DEAD	ERR:MaxRetryError	https://www.auschwitz.org/en/visiting/
EasternEurope	balkan_war_history	DEAD	404	https://www.dark-tourism.com/index.php/croatia/15-countries/individual-chapters/91-mostar
EasternEurope	caves_karst	DEAD	ERR:MaxRetryError	https://rolandia.eu/en/blog/discover-romania/top-5-caves-in-romania
EasternEurope	festivals_events	DEAD	404	https://aroundtheatlas.eu/2025/05/24/6-balkan-festivals-you-cant-miss-throughout-the-year/
EasternEurope	ottoman_heritage	DEAD	404	https://www.dark-tourism.com/index.php/croatia/15-countries/individual-chapters/91-mostar
EasternEurope	wildlife_watching	DEAD	404	https://www.naturalistjourneys.com/tours/2025/09/20/romania-bulgaria-fall-migration-on-the-danube-delta
Mediterranean	ancient_ruins	DEAD	500	https://www.vikingcruises.com/oceans/cruise-destinations/western-mediterranean/journey-to-antiquities/index.html
Mediterranean	ancient_ruins	DEAD	404	https://www.italygonia.com/2025/10/21/the-valley-of-the-temples-in-agrigento/
Mediterranean	art_culture_cities	DEAD	500	https://www.vikingcruises.com/oceans/cruise-destinations/western-mediterranean/icons-of-the-mediterranean/index.html
Mediterranean	luxury_glamour	DEAD	500	https://curiousexpeditions.org/is-french-riviera-similar-to-amalfi-coast/
Mediterranean	medinas_souks	DEAD	ERR:MaxRetryError	https://www.originaltravel.co.uk/itinerary/tangier-moulay-bousselham-rabat-el-jadida-oualidia-essaouira/from-tangier-to-essaouira-morocco-s-magical-atlantic-coast/poi5205
Mediterranean	medinas_souks	DEAD	ERR:MaxRetryError	https://morokinn.com/news/exploring-the-breathtaking-coastal-towns-of-morocco-essaouira-agadir-tangier
Mediterranean	volcano_hiking	DEAD	404	https://www.utracks.com/Italy/Guided-Walking/Southern-Italy-Volcano-Route-Guided-Walk
Mediterranean	volcano_hiking	DEAD	ERR:MaxRetryError	https://www.innwalking.com/hiking-tour/aeolian-islands-sicily-etna-stromboli-self-guided-walking-italy/
Mediterranean	whale_dolphin_watching	DEAD	404	https://travelscience.org/dolphin-watching-in-the-mediterranean/
Mediterranean	windsurf_kitesurf	DEAD	404	https://bstoked.net/locations/greece/
Mediterranean	wine_country	DEAD	503	https://www.royalcaribbean.com/inspire/best-wine-regions-in-europe
Mediterranean	wreck_cave_diving	DEAD	ERR:MaxRetryError	https://www.dreamtravelroutes.com/ka-diving-spots-current-2025/
NordicBaltic	archipelago_islands	DEAD	404	https://holipay.io/en/blog/stockholm-archipelago-2025-island-hopping-guide
NordicBaltic	arctic_lapland	DEAD	ERR:MaxRetryError	https://levi.northernlightsvillage.com/experiences
NordicBaltic	arctic_lapland	DEAD	ERR:MaxRetryError	https://staylapland.com/activities-in-rovaniemi/combo-activities-in-rovaniemi/
NordicBaltic	hiking_trekking	DEAD	ERR:MaxRetryError	https://ghoomoglobal.com/blog/the-best-hiking-trails-in-scandinavia-for-adventure-seekers/
NordicBaltic	iconic_nordic_stays	DEAD	404	https://en.wikipedia.org/wiki/Icehotel_(Jukkasj%C3%A4rvi
NordicBaltic	nordic_nightlife	DEAD	406	https://guidetoiceland.is/reykjavik-guide/nightlife-in-reykjavik
NordicBaltic	viking_heritage	DEAD	521	https://archaeology-travel.com/travel-ideas/viking-sites-you-can-visit/
NordicBaltic	volcanic_geothermal_landscapes	DEAD	406	https://guidetoiceland.is/travel-iceland/drive/golden-circle
WesternEurope	ancient_roman_sites	DEAD	ERR:MaxRetryError	https://www.througheternity.com/en/blog/hidden-sights/five-ancient-sites-near-naples-you-need-to-visit.html
WesternEurope	canal_cities	DEAD	ERR:MaxRetryError	https://www.americantravels.us/11-most-beautiful-canal-towns-that-arent-venice/
WesternEurope	chateau_villa_stays	DEAD	ERR:MaxRetryError	https://www.pousadasofportugal.com/
WesternEurope	festivals_events	DEAD	ERR:MaxRetryError	https://beaconadventures.com/2025/01/24/cultural-festivals-in-europe/
WesternEurope	festivals_events	DEAD	ERR:MaxRetryError	https://taleofrave.com/news/top-10-best-festivals-in-europe-in-2025/
WesternEurope	historic_old_towns	DEAD	ERR:MaxRetryError	https://theculturetrip.com/europe/portugal/articles/the-most-beautiful-historic-cities-and-towns-in-portugal
WesternEurope	luxury_romance	DEAD	ERR:MaxRetryError	https://travel.usnews.com/rankings/best-honeymoon-destinations-in-europe/
WesternEurope	royal_palaces_chateaux	DEAD	404	https://www.charmainewanders.com/post/royal-palace-madrid-guide
WesternEurope	storybook_villages	DEAD	500	https://www.starsinsider.com/Travel/611370/europes-prettiest-hilltop-towns-and-villages
WesternEurope	wine_country	DEAD	503	https://www.royalcaribbean.com/inspire/best-wine-regions-in-europe
Caribbean	carnival_festivals	DEAD	ERR:MaxRetryError	https://mycaribbeanmoments.com/caribbean-festivals-in-2025
Caribbean	colonial_old_towns	DEAD	503	https://current.seabourn.com/article/5-must-see-unesco-sites-in-the-caribbean
Caribbean	family_friendly	DEAD	ERR:MaxRetryError	https://travel.usnews.com/rankings/best-caribbean-family-vacations/
Caribbean	island_cuisine	DEAD	503	https://www.royalcaribbean.com/inspire/best-caribbean-islands-to-visit-for-foodies
Caribbean	island_cuisine	DEAD	404	https://adept.travel/blogs/top-5-caribbean-islands-for-foodies-culinary-hotspots
Caribbean	luxury_romance	DEAD	ERR:MaxRetryError	https://travel.usnews.com/rankings/best-caribbean-honeymoons/
Caribbean	luxury_romance	DEAD	503	https://www.royalcaribbean.com/inspire/best-caribbean-islands-to-visit-for-honeymoons
Caribbean	luxury_romance	DEAD	404	https://www.aol.com/articles/safest-caribbean-islands-2026-honeymooners-130500535.html
Caribbean	rainforest_waterfalls	DEAD	503	https://www.princess.com/en-uk/blog/5-best-dominica-waterfalls
Caribbean	sport_fishing	DEAD	503	https://www.royalcaribbean.com/inspire/best-caribbean-island-to-visit-for-fishing
Caribbean	wellness_eco	DEAD	ERR:MaxRetryError	https://epicureanculture.com/best-caribbean-wellness-retreats/
CentralAmerica	all_inclusive_resorts	DEAD	404	https://www.riu.com/en/country/costa-rica
CentralAmerica	all_inclusive_resorts	DEAD	404	https://www.twoweeksincostarica.com/all-inclusive-resorts-costa-rica/
CentralAmerica	all_inclusive_resorts	DEAD	404	https://www.decameron.com/en/hotels-panama
CentralAmerica	birding	DEAD	404	https://costaricaexperts.com/things-to-do/
CentralAmerica	cloud_forest	DEAD	ERR:MaxRetryError	https://costa-rica-guide.com/nature/wildlife/
CentralAmerica	coffee_highlands	DEAD	500	https://en.travel2latam.com/news-96657-discover-the-secret-of-geisha-coffee-at-the-boquete-estates
CentralAmerica	coffee_highlands	DEAD	404	https://www.boqueteoutdooradventures.com/coffee.html
CentralAmerica	maya_ruins	DEAD	404	https://approachguides.com/ebook-previews/Preview-ApproachGuides-Maya-Tikal-Copan.pdf
CentralAmerica	rainforest_wildlife	DEAD	ERR:MaxRetryError	https://costa-rica-guide.com/nature/wildlife/monkeys-sloths/
CentralAmerica	sea_turtle_nesting	DEAD	ERR:MaxRetryError	https://costa-rica-guide.com/nature/wildlife/turtle-nesting/
CentralAmerica	volcano_adventures	DEAD	ERR:MaxRetryError	https://vapues.com/destination/cerro-negro/
CentralAmerica	whale_watching	DEAD	ERR:MaxRetryError	https://costa-rica-guide.com/nature/wildlife/whale-watching/
CentralAmerica	white_water_rafting	DEAD	404	https://www.twoweeksincostarica.com/white-water-rafting-pacuare-river-costa-rica/
CentralAmerica	white_water_rafting	DEAD	ERR:MaxRetryError	https://www.laceibaonline.net/
CentralAmerica	white_water_rafting	DEAD	ERR:MaxRetryError	https://costa-rica-guide.com/active/rafting/
EasternCanada	golf_links_resorts	DEAD	404	https://cabotcapebreton.com/golf-accolades
EasternCanada	grand_railway_hotels	DEAD	404	https://www.historichotels.org/hotels-resorts/fairmont-chateau-laurier/history.php
EasternCanada	maple_sugar_shacks	DEAD	ERR:MaxRetryError	https://www.tourismeoutaouais.com/en/blogue/sugar-shack-maple/
EasternCanada	nightlife_entertainment	DEAD	ERR:MaxRetryError	https://georgestreetlive.ca/experience-george-street/
Mexico	dia_de_muertos	DEAD	ERR:MaxRetryError	https://moontravelerblog.com/oaxaca-day-of-the-dead-travel-guide-itinerary
Mexico	monarch_butterflies	DEAD	404	https://journeynorth.org/monarchs/news/spring-2025/030525-eastern-monarch-population-count-announced
Mexico	world_class_museums	DEAD	404	https://en.wikipedia.org/wiki/National_Museum_of_Anthropology_(Mexico
USMidwest	architecture_design	DEAD	ERR:MaxRetryError	https://columbus.in.us/architecture-tour/
USMidwest	badlands_black_hills	DEAD	404	https://www.roadscholar.org/find-an-adventure/13160/The-Best-of-Mount-Rushmore-the-Black-Hills-and-Badlands/itinerary/
USMidwest	ozarks_caves_springs	DEAD	ERR:MaxRetryError	https://www.explorebranson.com/article/silver-dollar-city-is-fun-all-ages
USMidwest	world_class_museums	DEAD	404	https://www.wonderfulmuseums.com/museum/best-museums-in-the-midwest/
USMountainWest	denver_city_culture	DEAD	ERR:MaxRetryError	https://travel.usnews.com/features/top-things-to-do-in-colorado
USMountainWest	dude_ranches	DEAD	406	https://www.newsweek.com/readerschoice/best-dude-ranch-2025
USMountainWest	fall_aspen_foliage	DEAD	406	https://www.cbsnews.com/colorado/news/colorado-fall-colors-2025-arriving-early-peak-foliage-forecast/
USMountainWest	fall_aspen_foliage	DEAD	404	https://thatcoloradocouple.com/when-where-peak-colorado-fall-colors/
USMountainWest	heritage_railways	DEAD	404	https://www.roadscholar.org/find-an-adventure/4345/the-best-of-colorado-s-historic-railroads
USMountainWest	rock_climbing	DEAD	ERR:MaxRetryError	https://www.climbing.com/travel/50-best-climbing-areas-america-every-state/
USMountainWest	scenic_byways	DEAD	503	https://www.nps.gov/romo/planyourvisit/scenic-drives.htm
USMountainWest	skiing_snowboarding	DEAD	ERR:MaxRetryError	https://www.skimag.com/ski-resort-life/resort-guide-2026/top-30-resorts-west-2026/
USMountainWest	winter_beyond_the_slopes	DEAD	ERR:MaxRetryError	https://www.yellowstonepark.com/things-to-do/winter-tour-yellowstone
USMountainWest	winter_beyond_the_slopes	DEAD	404	https://www.roadscholar.org/find-an-adventure/18292/Winter-Adventures-in-Jackson-Hole-Dog-Sleds-Snowshoes-and-Sleighs
USMountainWest	winter_beyond_the_slopes	DEAD	404	https://gazette.com/life/outdoors/ouray-ice-park-opens-for-season-on-heels-of-game-changer-agreement/article_bcd49b60-a68b-11ee-9db0-e34918dc5d19.html
USNortheast	broadway_theater	DEAD	404	https://www.roadscholar.org/find-an-adventure/14963/The-Berkshires-Tanglewood-Jacob-s-Pillow-Dance-Festival
USNortheast	craft_beer	DEAD	ERR:MaxRetryError	https://diginvt.com/blog/craft-beer-vacations-vermont-beer-trail/
USNortheast	farm_to_table	DEAD	404	https://sullivancatskills.com/catskill-icious/savor-the-flavors-of-the-sullivan-catskills-during-hudson-valley-restaurant-week/
USNortheast	lakes_cabins	DEAD	ERR:MaxRetryError	https://travel.usnews.com/gallery/top-lake-vacations-in-the-us
USNortheast	lighthouses_harbors	DEAD	ERR:MaxRetryError	https://www.marinalife.com/articles/the-best-of-boating-new-england
USNortheast	nightlife_rooftops	DEAD	404	https://www.timeout.com/newyork/bars/rooftop-bars
USNortheast	urban_dining	DEAD	ERR:MaxRetryError	https://www.washingtonpost.com/food/interactive/2025/best-dc-restaurants/
USPacific	ancient_sites_archaeology	DEAD	ERR:MaxRetryError	https://www.bishopmuseum.org/exhibits/
USPacific	eco_lodges_sustainable	DEAD	ERR:MaxRetryError	https://olympicnationalparks.com/lodging/lake-quinault-lodge/
USPacific	family_resorts	DEAD	ERR:MaxRetryError	https://www.hoteldelcoronado.com/
USPacific	iconic_cityscapes	DEAD	ERR:MaxRetryError	https://travel.usnews.com/Portland_OR/Things_To_Do/
USPacific	luxury_coastal_resorts	DEAD	ERR:MaxRetryError	https://travel.usnews.com/hotels/best-resorts-in-california-r55/
USPacific	pch_coastal_drives	DEAD	406	https://www.bigsurcalifornia.org/highway-1-conditions/
USPacific	polynesian_culture	DEAD	ERR:MaxRetryError	https://www.polynesia.com/ha-breath-of-life
USPacific	polynesian_culture	DEAD	ERR:MaxRetryError	https://www.bishopmuseum.org/exhibits/
USPacific	redwoods_sequoias	DEAD	ERR:MaxRetryError	https://www.savetheredwoods.org/redwoods/giant-sequoias/
USPacific	skiing_snowboarding	DEAD	404	https://travellemming.com/california-ski-resorts/
USPacific	snorkeling_reefs	DEAD	ERR:MaxRetryError	https://www.konaboys.com/kealakekua-bay-permit-update/
USPacific	world_class_museums	DEAD	ERR:MaxRetryError	https://travel.usnews.com/Portland_OR/Things_To_Do/
USSouth	bayou_swamp_tours	DEAD	404	https://www.nps.gov/jela/barataria-preserve.htm
USSouth	bayou_swamp_tours	DEAD	ERR:MaxRetryError	https://www.louisiananorthshore.com/things-to-do/swamp-tours/
USSouth	bbq_culture	DEAD	404	https://www.lockhart-tx.org/barbecue
USSouth	bbq_culture	DEAD	404	https://texashighways.com/eat-drink/central-texas-barbecue-trail/
USSouth	bbq_culture	DEAD	404	https://www.austintexas.org/things-to-do/food-and-drink/barbecue/
USSouth	bbq_culture	DEAD	404	https://www.texasmonthly.com/bbq/goldees-barbecue-best-texas/
USSouth	civil_rights_history	DEAD	400	https://www.mcrm.mdah.ms.gov/
USSouth	civil_rights_history	DEAD	ERR:MaxRetryError	https://www.nps.gov/emti/index.htm
USSouth	civil_rights_history	DEAD	ERR:MaxRetryError	https://www.nps.gov/meev/index.htm
USSouth	creole_cajun_culture	DEAD	404	https://www.lafayettetravel.com/things-to-do/music/
USSouth	creole_cajun_culture	DEAD	ERR:MaxRetryError	https://www.vermilionville.org/
USSouth	festivals_carnival	DEAD	404	https://www.neworleans.com/event/mardi-gras/
USSouth	fishing_gulf_coast	DEAD	ERR:MaxRetryError	https://www.visitportaransas.com/things-to-do/fishing/
USSouth	fishing_gulf_coast	DEAD	404	https://tpwd.texas.gov/fishboat/fish/recreational/lagunamadre.phtml
USSouth	gulf_coast_beaches	DEAD	ERR:MaxRetryError	https://www.sopadre.com/things-to-do/beaches/
USSouth	gulf_coast_beaches	DEAD	404	https://www.gulfcoast.org/things-to-do/beaches/
USSouth	hot_springs_wellness	DEAD	ERR:MaxRetryError	https://www.nps.gov/hosp/planyourvisit/bathhouse-row.htm
USSouth	hot_springs_wellness	DEAD	ERR:MaxRetryError	https://www.houstonian.com/the-spa/
USSouth	iconic_landmarks_cityscapes	DEAD	404	https://www.visitsanantonio.com/things-to-do/attractions/
USSouth	iconic_landmarks_cityscapes	DEAD	404	https://spacecenter.org/plan-your-visit/
USSouth	iconic_landmarks_cityscapes	DEAD	404	https://www.visitokc.com/things-to-do/oklahoma-city-national-memorial/
USSouth	live_music_scene	DEAD	404	https://www.austintexas.org/things-to-do/live-music/
USSouth	live_music_scene	DEAD	404	https://www.fortworthstockyards.org/attraction/billy-bobs-texas/
USSouth	native_american_nations	DEAD	404	https://www.travelok.com/native-america
USSouth	nightlife_entertainment	DEAD	404	https://www.visithoustontexas.com/things-to-do/nightlife/
USSouth	nightlife_entertainment	DEAD	404	https://www.visitokc.com/things-to-do/bricktown/
USSouth	ozarks_river_escapes	DEAD	ERR:MaxRetryError	https://www.arkansasstateparks.com/parks/mount-magazine-state-park
USSouth	river_water_sports	DEAD	ERR:MaxRetryError	https://www.playinnewbraunfels.com/river-fun/
USSouth	river_water_sports	DEAD	ERR:MaxRetryError	https://www.nps.gov/buff/planyourvisit/canoeing-kayaking-and-rafting.htm
USSouth	river_water_sports	DEAD	ERR:MaxRetryError	https://www.toursanmarcos.com/things-to-do/river/
USSouth	road_trips_scenic_drives	DEAD	404	https://www.travelok.com/article_page/talimena-national-scenic-byway
USSouth	texas_hill_country	DEAD	404	https://texashighways.com/travel-news/wildflower-watch/
USSouth	texas_ranch_stays	DEAD	404	https://www.banderacowboycapital.com/dude-ranches/
USSouth	texas_ranch_stays	DEAD	404	https://texashighways.com/travel/texas-dude-ranches-guide/
USSouth	tex_mex_cuisine	DEAD	404	https://www.texasmonthly.com/food/the-history-of-tex-mex/
USSouth	tex_mex_cuisine	DEAD	404	https://www.visitsanantonio.com/things-to-do/food-and-drink/
USSouth	tex_mex_cuisine	DEAD	ERR:MaxRetryError	https://www.visitelpaso.com/things-to-do/food/
USSouth	tex_mex_cuisine	DEAD	404	https://www.visithoustontexas.com/things-to-do/food-and-drink/
USSouth	whiskey_distillery_trail	DEAD	ERR:MaxRetryError	https://www.texaswhiskeytrail.com/
USSouth	whiskey_distillery_trail	DEAD	404	https://balconesdistilling.com/visit/
USSouth	whiskey_distillery_trail	DEAD	404	https://www.texasmonthly.com/food/texas-whiskey-guide/
USSouth	wildlife_birding	DEAD	ERR:MaxRetryError	https://www.theworldbirdingcenter.com/
USSouth	wildlife_birding	DEAD	404	https://houstonaudubon.org/sanctuaries/high-island.html
USSouth	wildlife_birding	DEAD	504	https://www.nps.gov/pais/learn/nature/hatchlingreleases.htm
USSouth	wildlife_birding	DEAD	404	https://www.rgvbf.org/
USSoutheast	beaches_islands	DEAD	ERR:MaxRetryError	https://travel.usnews.com/gallery/top-gulf-coast-beaches-to-visit
USSoutheast	blue_ridge_smokies	DEAD	ERR:MaxRetryError	https://www.mysmokymountainpark.com/road-trips/road-trip-itineraries/blue-ridge-parkway-road-trip/
USSoutheast	caves_caverns	DEAD	406	https://www.newsweek.com/readerschoice/best-cave-adventure-2025
USSoutheast	charming_small_towns	DEAD	ERR:MaxRetryError	https://www.outsideonline.com/adventure-travel/destinations/north-america/best-mountain-towns-in-southeastern-us/
USSoutheast	civil_rights_trail	DEAD	404	https://www.roadscholar.org/find-an-adventure/22657/The-Civil-Rights-Movement-Atlanta-Montgomery-Selma-Birmingham
USSoutheast	live_music_scene	DEAD	404	https://www.roadscholar.org/find-an-adventure/21979/Music-Cities-USA-Nashville-Memphis-New-Orleans
USSoutheast	live_music_scene	DEAD	404	https://www.deep-south-usa.com/tennessee/memphis/beale-street
USSoutheast	nightlife_entertainment	DEAD	ERR:MaxRetryError	https://travel.usnews.com/rankings/best-bar-club-scenes-in-the-usa/
USSouthwest	ancestral_puebloan_ruins	DEAD	404	https://indianpueblo.org/visit-the-pueblos/
USSouthwest	atomic_age_history	DEAD	ERR:MaxRetryError	https://www.lanl.gov/museum/
USSouthwest	casinos_gaming	DEAD	404	https://www.visitlasvegas.com/things-to-do/gaming/
USSouthwest	celebrity_chef_dining	DEAD	ERR:MaxRetryError	https://www.visitlasvegas.com/restaurants/
USSouthwest	celebrity_chef_dining	DEAD	404	https://www.santafe.org/visiting-santa-fe/restaurants/
USSouthwest	celebrity_chef_dining	DEAD	ERR:MaxRetryError	https://www.tucson.cityofgastronomy.org/
USSouthwest	desert_canyon_hiking	DEAD	404	https://www.nps.gov/brca/planyourvisit/hiking.htm
USSouthwest	desert_glamping	DEAD	404	https://visitsedona.com/places-to-stay/
USSouthwest	desert_golf	DEAD	404	https://www.visitlasvegas.com/things-to-do/golf/
USSouthwest	desert_golf	DEAD	ERR:MaxRetryError	https://www.greaterzion.com/things-to-do/golf/
USSouthwest	desert_golf	DEAD	404	https://www.newmexico.org/things-to-do/golf/
USSouthwest	desert_hot_springs	DEAD	ERR:MaxRetryError	https://ojospa.com/
USSouthwest	desert_hot_springs	DEAD	404	https://sierracountynewmexico.info/things-to-do/hot-springs/
USSouthwest	desert_hot_springs	DEAD	404	https://www.newmexico.org/things-to-do/outdoor-adventures/hot-springs/
USSouthwest	desert_hot_springs	DEAD	ERR:MaxRetryError	https://www.nps.gov/gicl/planyourvisit/index.htm
USSouthwest	desert_hot_springs	DEAD	503	https://www.nps.gov/lake/planyourvisit/arizona-hot-spring.htm
USSouthwest	historic_southwest_inns	DEAD	404	https://www.flagstaffarizona.org/places-to-stay/
USSouthwest	hot_air_ballooning	DEAD	404	https://www.visitalbuquerque.org/things-to-do/hot-air-ballooning/
USSouthwest	hot_air_ballooning	DEAD	404	https://visitsedona.com/things-to-do/hot-air-balloon-rides/
USSouthwest	hot_air_ballooning	DEAD	404	https://www.visitphoenix.com/things-to-do/outdoor-adventure/hot-air-balloon-rides/
USSouthwest	houseboating_lakes	DEAD	ERR:MaxRetryError	https://www.lakepowellnavigator.com/conditions/water-levels
USSouthwest	houseboating_lakes	DEAD	ERR:MaxRetryError	https://www.nps.gov/lake/planyourvisit/index.htm
USSouthwest	houseboating_lakes	DEAD	404	https://www.golakehavasu.com/things-to-do/on-the-water/
USSouthwest	mother_road_americana	DEAD	404	https://www.newmexico.org/things-to-do/scenic-byways/route-66/
USSouthwest	mountain_biking	DEAD	404	https://www.discovermoab.com/biking/
USSouthwest	mountain_biking	DEAD	404	https://visitsedona.com/things-to-do/mountain-biking/
USSouthwest	mountain_biking	DEAD	404	https://www.visitphoenix.com/things-to-do/outdoor-adventure/biking/
USSouthwest	mountain_biking	DEAD	404	https://www.visittucson.org/things-to-do/outdoor-recreation/mountain-biking/
USSouthwest	mountain_biking	DEAD	404	https://www.mtbproject.com/directory/8005086/arizona
USSouthwest	nightlife_pool_clubs	DEAD	404	https://www.visitlasvegas.com/nightlife/
USSouthwest	nightlife_pool_clubs	DEAD	ERR:MaxRetryError	https://www.reviewjournal.com/entertainment/things-to-do-in-las-vegas/
USSouthwest	nightlife_pool_clubs	DEAD	404	https://www.visitalbuquerque.org/things-to-do/nightlife/
USSouthwest	off_road_overland	DEAD	404	https://www.discovermoab.com/four-wheel-drive/
USSouthwest	off_road_overland	DEAD	404	https://visitsedona.com/things-to-do/jeep-tours/
USSouthwest	off_road_overland	DEAD	404	https://navajonationparks.org/navajo-tribal-parks/monument-valley-navajo-tribal-park/
USSouthwest	off_road_overland	DEAD	404	https://www.blm.gov/visit/vermilion-cliffs
USSouthwest	off_road_overland	DEAD	404	https://travelnevada.com/things-to-do/off-roading/
USSouthwest	rock_climbing_canyoneering	DEAD	404	https://www.discovermoab.com/climbing/
USSouthwest	rock_climbing_canyoneering	DEAD	404	https://visitsedona.com/things-to-do/rock-climbing/
USSouthwest	rock_climbing_canyoneering	DEAD	404	https://www.visittucson.org/things-to-do/outdoor-recreation/rock-climbing/
USSouthwest	scenic_red_rock_drives	DEAD	404	https://navajonationparks.org/navajo-tribal-parks/monument-valley-navajo-tribal-park/
USSouthwest	scenic_red_rock_drives	DEAD	404	https://visitsedona.com/things-to-do/scenic-drives/
USSouthwest	southwestern_arts_towns	DEAD	404	https://www.santafe.org/things-to-do/art-and-culture/
USSouthwest	southwestern_arts_towns	DEAD	404	https://www.experiencescottsdale.com/arts-culture/
USSouthwest	southwestern_arts_towns	DEAD	404	https://visitsedona.com/things-to-do/arts-and-culture/
USSouthwest	southwestern_cuisine	DEAD	404	https://www.santafe.org/things-to-do/food-and-wine/
USSouthwest	southwestern_cuisine	DEAD	ERR:MaxRetryError	https://www.tucson.cityofgastronomy.org/
USSouthwest	southwestern_cuisine	DEAD	404	https://www.visittucson.org/restaurants/mexican-food/
USSouthwest	southwestern_cuisine	DEAD	404	https://www.visitalbuquerque.org/restaurants/new-mexican-food/
USSouthwest	southwestern_cuisine	DEAD	ERR:MaxRetryError	https://hatchchilefest.com/
USSouthwest	spanish_colonial_missions	DEAD	ERR:MaxRetryError	https://elsantuariodechimayo.us/
USSouthwest	stargazing_dark_skies	DEAD	ERR:MaxRetryError	https://www.nps.gov/brca/planyourvisit/astronomy.htm
USSouthwest	stargazing_dark_skies	DEAD	404	https://www.nps.gov/grba/planyourvisit/astronomy.htm
USSouthwest	ufo_alien_lore	DEAD	404	https://www.roswell-nm.gov/1110/UFO-Festival
USSouthwest	ufo_alien_lore	DEAD	404	https://visitsedona.com/things-to-do/stargazing/
USSouthwest	whitewater_rafting	DEAD	404	https://www.discovermoab.com/rafting/
USSouthwest	whitewater_rafting	DEAD	404	https://taos.org/things-to-do/outdoor-adventures/rafting/
USSouthwest	whitewater_rafting	DEAD	404	https://www.recreation.gov/permits/250438
USSouthwest	wild_west_ghost_towns	DEAD	ERR:MaxRetryError	https://discoverbisbee.com/
USSouthwest	wild_west_ghost_towns	DEAD	404	https://travelnevada.com/ghost-towns/
WesternCanadaAlaska	dog_sledding	DEAD	ERR:MaxRetryError	https://www.alaska.org/things-to-do/dog-sledding
WesternCanadaAlaska	northern_lights	DEAD	ERR:MaxRetryError	https://www.gi.alaska.edu/monitors/aurora-forecast
WesternCanadaAlaska	scenic_rail_journeys	DEAD	ERR:MaxRetryError	https://rockytrain.com/rocky-mountaineer-train/
WesternCanadaAlaska	sea_kayaking	DEAD	ERR:MaxRetryError	https://www.nps.gov/kefj/planyourvisit/kayaking.htm
WesternCanadaAlaska	tidewater_glaciers	DEAD	ERR:MaxRetryError	https://www.alaska.org/destination/prince-william-sound/day-cruises
WesternCanadaAlaska	vancouver_cityscapes	DEAD	ERR:MaxRetryError	https://britishcolumbia.today/news/vancouver/25-best-things-to-do-in-vancouver/
WesternCanadaAlaska	vancouver_cityscapes	DEAD	ERR:MaxRetryError	https://travel.usnews.com/Vancouver_Canada/Things_To_Do/Stanley_Park_34861/
AustraliaNZ	adventure_capital	DEAD	ERR:MaxRetryError	https://www.everythingqueenstown.com/adventure/air/
AustraliaNZ	markets_street_art	DEAD	ERR:MaxRetryError	https://www.choicehotels.com/explore/things-to-do/discover-the-best-markets-in-australia-and-new-zealand
AustraliaNZ	nightlife_live_music	DEAD	ERR:MaxRetryError	https://themusicnetwork.com/live-music-census-shows-melbourne-has-most-live-music-venues-in-the-world-per-capita/
AustraliaNZ	surfing	DEAD	ERR:MaxRetryError	https://lazygalsguideto.com/australia/australias-best-surf-beaches-2025-my-ultimate-wave-hunters-guide-from-bondi-to-margaret-river-after-20-years-chasing-aussie-swells
PacificIslands	eco_lodges_sustainable	DEAD	ERR:MaxRetryError	https://www.fijiresort.com/eco-resort/
PacificIslands	hiking_trekking	DEAD	ERR:MaxRetryError	https://tahititourisme.com/en-us/
PacificIslands	iconic_beaches	DEAD	ERR:MaxRetryError	https://tahititourisme.com/en-us/
PacificIslands	island_cuisine_markets	DEAD	ERR:MaxRetryError	https://tahititourisme.com/en-us/
PacificIslands	key_island_stops	DEAD	ERR:MaxRetryError	https://tahititourisme.com/en-us/island/tahiti/
PacificIslands	overwater_bungalows	DEAD	404	https://www.easyescapestravel.com/overwater-bungalow-escapes.html
PacificIslands	romance_honeymoon	DEAD	ERR:MaxRetryError	https://tahititourisme.com/en-us/
PacificIslands	snorkeling_reefs	DEAD	ERR:MaxRetryError	https://tahititourisme.com/en-us/
PacificIslands	sport_fishing	DEAD	ERR:MaxRetryError	https://www.tongaholiday.com/things-to-do/fishing/
PacificIslands	surfing	DEAD	ERR:MaxRetryError	https://tahititourisme.com/en-us/
PacificIslands	waterfalls_rainforest	DEAD	ERR:MaxRetryError	https://tahititourisme.com/en-us/
BrazilSouthernCone	churrasco_parrilla	DEAD	ERR:MaxRetryError	https://secretsofbuenosaires.com/best-steakhouse-buenos-aires-parrilla/
BrazilSouthernCone	northeast_brazil_beaches	DEAD	404	https://bahia.ws/en/category/northeast-brazil/
BrazilSouthernCone	rio_beach_lifestyle	DEAD	ERR:MaxRetryError	https://theculturetrip.com/south-america/brazil/articles/a-postos-guide-to-the-beaches-of-rio-de-janeiro
BrazilSouthernCone	rio_beach_lifestyle	DEAD	ERR:MaxRetryError	https://www.riotimesonline.com/brazil-news/rio-travel/a-guide-to-the-beaches-and-postos-of-rio-de-janeiro/
BrazilSouthernCone	rio_landmarks_skyline	DEAD	ERR:MaxRetryError	https://www.riotimesonline.com/brazil-news/rio-travel/a-guide-to-the-beaches-and-postos-of-rio-de-janeiro/
BrazilSouthernCone	samba_live_music	DEAD	ERR:MaxRetryError	https://www.riotimesonline.com/brazil-news/rio-entertainment/rio-nightlife-guide-for-monday-september-22-2025/
BrazilSouthernCone	samba_live_music	DEAD	ERR:MaxRetryError	https://theculturetrip.com/south-america/brazil/articles/a-postos-guide-to-the-beaches-of-rio-de-janeiro
ChileBolivia	chiloe_island_churches	DEAD	404	https://www.islaguru.com/islands/chiloe
ChileBolivia	lake_district	DEAD	404	https://www.journeylatinamerica.com/destinations/chile/places-to-visit/chilean-lake-district-south/things-to-do/visit-osorno-volcano/
ChileBolivia	luxury_wilderness_lodges	DEAD	ERR:MaxRetryError	https://swisstraveler.net/chile/luxury-hotel-patagonia-the-singuluar-patagonia-tierra-patagonia/
ChileBolivia	volcano_climbing	DEAD	404	https://www.journeylatinamerica.com/destinations/chile/places-to-visit/chilean-lake-district-south/things-to-do/visit-osorno-volcano/
Colombia	bogota_capital	DEAD	ERR:MaxRetryError	https://theculturetrip.com/south-america/colombia/articles/10-things-to-do-in-la-candelaria-bogot
Colombia	coffee_region	DEAD	ERR:MaxRetryError	https://elbuenviajero.com/blog/colombia-coffee-farm-tour/
Colombia	colonial_towns	DEAD	404	https://mustique.co/las-ciudades-coloniales-mas-bellas-de-colombia-una-ruta-cultural-inolvidable/
Colombia	kitesurfing	DEAD	404	https://www.praiakite.com/kite-spots/cabo-de-la-vela/
Colombia	luxury_escapes	DEAD	ERR:MaxRetryError	https://www.lightfoottravel.com/en/south-america/colombia/colombias-coffee-triangle/hacienda-bambusa
Colombia	nightlife_rumba	DEAD	ERR:MaxRetryError	https://two.travel/medellin-nightlife/
Colombia	pacific_whale_watching	DEAD	ERR:MaxRetryError	https://theculturetrip.com/south-america/colombia/articles/a-guide-to-whale-watching-in-colombia
Colombia	reef_diving_snorkeling	DEAD	ERR:MaxRetryError	https://divescover.com/diving/colombia/san-andres-and-providence-islands
Colombia	sailing_island_hopping	DEAD	ERR:MaxRetryError	https://two.travel/the-best-way-to-visit-the-rosario-islands/
Colombia	salsa_dancing	DEAD	ERR:MaxRetryError	https://theculturetrip.com/south-america/colombia/articles/the-10-best-spots-to-dance-salsa-in-cali
Ecuador	mindo_cloudforest	DEAD	ERR:MaxRetryError	https://www.naturalistjourneys.com/tours/2025/10/02/incredible-ecuador-choco-galore
Ecuador	quito_old_town	DEAD	404	https://activities.marriott.com/south-america/ecuador/quito/activities/discover_all_quito_old_town_mitad_del_mundo_telef%C3%A9rico-X712LD
Ecuador	thermal_hot_springs	DEAD	404	https://www.journeylatinamerica.com/destinations/ecuador/places-to-visit/andes-to-amazon/places-to-stay/termas-de-papallacta/
Ecuador	whale_watching	DEAD	406	https://whalewatchingecuador.com/en
Ecuador	whale_watching	DEAD	406	https://whalewatchingecuador.com/en/activity/69257/whale-watching-in-isla-de-la-plata-ecuador-june-to-october
Peru	arequipa_white_city	DEAD	406	https://www.cbsnews.com/news/peru-mummy-inca-ice-maiden-juanita-face-reconstructed/
Peru	machu_picchu	DEAD	503	https://www.perurail.com/tickets-to-machu-picchu/
Peru	machu_picchu	DEAD	503	https://www.perurail.com/protest-machu-picchu/
Peru	nazca_lines	DEAD	ERR:MaxRetryError	https://archaeology.org/news/2024/09/27/more-than-300-geoglyphs-discovered-in-peru/
Peru	paracas_ballestas	DEAD	ERR:MaxRetryError	https://www.peruhop.com/paracas-ballestas-islands/
Peru	scenic_rail_journeys	DEAD	503	https://www.perurail.com/trains/
